Classifier, DataSet Name, #Training release, %Training, #Defective Training, #Defective Testing, Balancing, Feature Selection, Sensitivity, TP, FP, TN, FN, Recall, Precision, Accuracy, ROC AUC, Kappa
NaiveBayes, Bugginess classifier, 1, 2.2, 4, 50, false, false, false, 24.0, 465.0, 496.0, 26.0, 0.48, 0.05, 51.43, 0.59, 0.0
RandomForest, Bugginess classifier, 1, 2.2, 4, 50, false, false, false, 1.0, 1.0, 960.0, 49.0, 0.02, 0.5, 95.05, 0.58, 0.03
IBk, Bugginess classifier, 1, 2.2, 4, 50, false, false, false, 2.0, 0.0, 961.0, 48.0, 0.04, 1.0, 95.25, 0.79, 0.07
J48, Bugginess classifier, 1, 2.2, 4, 50, false, false, false, 0.0, 0.0, 961.0, 50.0, 0.0, 0.0, 95.05, 0.5, 0.0
NaiveBayes, Bugginess classifier with feature selection, 1, 2.2, 4, 50, false, Ranker, false, 48.0, 930.0, 992.0, 52.0, 0.48, 0.05, 51.43, 0.59, 0.0
RandomForest, Bugginess classifier with feature selection, 1, 2.2, 4, 50, false, Ranker, false, 0.0, 2.0, 1920.0, 100.0, 0.0, 0.0, 94.96, 0.69, 0.0
IBk, Bugginess classifier with feature selection, 1, 2.2, 4, 50, false, Ranker, false, 4.0, 0.0, 1922.0, 96.0, 0.04, 1.0, 95.25, 0.79, 0.07
J48, Bugginess classifier with feature selection, 1, 2.2, 4, 50, false, Ranker, false, 0.0, 0.0, 1922.0, 100.0, 0.0, 0.0, 95.05, 0.5, 0.0
NaiveBayes, Bugginess classifier with balancing techniques, 1, 2.2, 4, 50, SMOTE-sampling, false, false, 32.0, 478.0, 1444.0, 68.0, 0.32, 0.06, 73.0, 0.67, 0.02
RandomForest, Bugginess classifier with balancing techniques, 1, 2.2, 4, 50, SMOTE-sampling, false, false, 2.0, 12.0, 1910.0, 98.0, 0.02, 0.14, 94.56, 0.63, 0.02
IBk, Bugginess classifier with balancing techniques, 1, 2.2, 4, 50, SMOTE-sampling, false, false, 29.0, 1016.0, 906.0, 71.0, 0.29, 0.03, 46.24, 0.46, -0.04
J48, Bugginess classifier with balancing techniques, 1, 2.2, 4, 50, SMOTE-sampling, false, false, 0.0, 210.0, 1712.0, 100.0, 0.0, 0.0, 84.67, 0.47, -0.07
NaiveBayes, Bugginess classifier with balancing techniques with feature selection, 1, 2.2, 4, 50, SMOTE-sampling, Best first, false, 18.0, 3.0, 2880.0, 132.0, 0.12, 0.86, 95.55, 0.93, 0.2
RandomForest, Bugginess classifier with balancing techniques with feature selection, 1, 2.2, 4, 50, SMOTE-sampling, Best first, false, 6.0, 3.0, 2880.0, 144.0, 0.04, 0.67, 95.15, 0.63, 0.07
IBk, Bugginess classifier with balancing techniques with feature selection, 1, 2.2, 4, 50, SMOTE-sampling, Best first, false, 3.0, 0.0, 2883.0, 147.0, 0.02, 1.0, 95.15, 0.93, 0.04
J48, Bugginess classifier with balancing techniques with feature selection, 1, 2.2, 4, 50, SMOTE-sampling, Best first, false, 0.0, 0.0, 2883.0, 150.0, 0.0, 0.0, 95.05, 0.5, 0.0
NaiveBayes, Bugginess classifier with balancing techniques with feature selection, 1, 2.2, 4, 50, UNDER-sampling, Best first, false, 87.0, 120.0, 2763.0, 63.0, 0.58, 0.42, 93.97, 0.93, 0.46
RandomForest, Bugginess classifier with balancing techniques with feature selection, 1, 2.2, 4, 50, UNDER-sampling, Best first, false, 96.0, 402.0, 2481.0, 54.0, 0.64, 0.19, 84.97, 0.87, 0.24
IBk, Bugginess classifier with balancing techniques with feature selection, 1, 2.2, 4, 50, UNDER-sampling, Best first, false, 93.0, 123.0, 2760.0, 57.0, 0.62, 0.43, 94.07, 0.91, 0.48
J48, Bugginess classifier with balancing techniques with feature selection, 1, 2.2, 4, 50, UNDER-sampling, Best first, false, 150.0, 747.0, 2136.0, 0.0, 1.0, 0.17, 75.37, 0.87, 0.22
NaiveBayes, Bugginess classifier with balancing techniques with feature selection, 1, 2.2, 4, 50, OVER-sampling, Best first, false, 87.0, 120.0, 2763.0, 63.0, 0.58, 0.42, 93.97, 0.93, 0.46
RandomForest, Bugginess classifier with balancing techniques with feature selection, 1, 2.2, 4, 50, OVER-sampling, Best first, false, 30.0, 30.0, 2853.0, 120.0, 0.2, 0.5, 95.05, 0.59, 0.26
IBk, Bugginess classifier with balancing techniques with feature selection, 1, 2.2, 4, 50, OVER-sampling, Best first, false, 30.0, 30.0, 2853.0, 120.0, 0.2, 0.5, 95.05, 0.93, 0.26
J48, Bugginess classifier with balancing techniques with feature selection, 1, 2.2, 4, 50, OVER-sampling, Best first, false, 33.0, 30.0, 2853.0, 117.0, 0.22, 0.52, 95.15, 0.61, 0.29
NaiveBayes, Bugginess classifier with cost sensitive with feature selection, 1, 2.2, 4, 50, false, Best first, true, 21.0, 16.0, 2867.0, 129.0, 0.14, 0.57, 95.22, 0.62, 0.21
RandomForest, Bugginess classifier with cost sensitive with feature selection, 1, 2.2, 4, 50, false, Best first, true, 23.0, 20.0, 2863.0, 127.0, 0.15, 0.53, 95.15, 0.61, 0.22
IBk, Bugginess classifier with cost sensitive with feature selection, 1, 2.2, 4, 50, false, Best first, true, 21.0, 20.0, 2863.0, 129.0, 0.14, 0.51, 95.09, 0.63, 0.2
J48, Bugginess classifier with cost sensitive with feature selection, 1, 2.2, 4, 50, false, Best first, true, 0.0, 0.0, 2883.0, 150.0, 0.0, 0.0, 95.05, 0.5, 0.0
NaiveBayes, Bugginess classifier, 2, 6.4, 43, 166, false, false, false, 138.0, 957.0, 28.0, 28.0, 0.83, 0.13, 14.42, 0.63, -0.04
RandomForest, Bugginess classifier, 2, 6.4, 43, 166, false, false, false, 34.0, 5.0, 980.0, 132.0, 0.2, 0.87, 88.1, 0.9, 0.29
IBk, Bugginess classifier, 2, 6.4, 43, 166, false, false, false, 66.0, 45.0, 940.0, 100.0, 0.4, 0.59, 87.4, 0.68, 0.41
J48, Bugginess classifier, 2, 6.4, 43, 166, false, false, false, 15.0, 1.0, 984.0, 151.0, 0.09, 0.94, 86.79, 0.83, 0.14
NaiveBayes, Bugginess classifier with feature selection, 2, 6.4, 43, 166, false, Ranker, false, 276.0, 1914.0, 56.0, 56.0, 0.83, 0.13, 14.42, 0.63, -0.04
RandomForest, Bugginess classifier with feature selection, 2, 6.4, 43, 166, false, Ranker, false, 48.0, 0.0, 1970.0, 284.0, 0.14, 1.0, 87.66, 0.89, 0.22
IBk, Bugginess classifier with feature selection, 2, 6.4, 43, 166, false, Ranker, false, 132.0, 90.0, 1880.0, 200.0, 0.4, 0.59, 87.4, 0.68, 0.41
J48, Bugginess classifier with feature selection, 2, 6.4, 43, 166, false, Ranker, false, 30.0, 2.0, 1968.0, 302.0, 0.09, 0.94, 86.79, 0.83, 0.14
NaiveBayes, Bugginess classifier with balancing techniques, 2, 6.4, 43, 166, SMOTE-sampling, false, false, 274.0, 1918.0, 52.0, 58.0, 0.83, 0.13, 14.16, 0.63, -0.04
RandomForest, Bugginess classifier with balancing techniques, 2, 6.4, 43, 166, SMOTE-sampling, false, false, 80.0, 2.0, 1968.0, 252.0, 0.24, 0.98, 88.97, 0.88, 0.35
IBk, Bugginess classifier with balancing techniques, 2, 6.4, 43, 166, SMOTE-sampling, false, false, 142.0, 92.0, 1878.0, 190.0, 0.43, 0.61, 87.75, 0.69, 0.43
J48, Bugginess classifier with balancing techniques, 2, 6.4, 43, 166, SMOTE-sampling, false, false, 26.0, 8.0, 1962.0, 306.0, 0.08, 0.76, 86.36, 0.79, 0.12
NaiveBayes, Bugginess classifier with balancing techniques with feature selection, 2, 6.4, 43, 166, SMOTE-sampling, Best first, false, 105.0, 9.0, 2946.0, 393.0, 0.21, 0.92, 88.36, 0.8, 0.31
RandomForest, Bugginess classifier with balancing techniques with feature selection, 2, 6.4, 43, 166, SMOTE-sampling, Best first, false, 96.0, 39.0, 2916.0, 402.0, 0.19, 0.71, 87.23, 0.9, 0.26
IBk, Bugginess classifier with balancing techniques with feature selection, 2, 6.4, 43, 166, SMOTE-sampling, Best first, false, 183.0, 54.0, 2901.0, 315.0, 0.37, 0.77, 89.31, 0.75, 0.45
J48, Bugginess classifier with balancing techniques with feature selection, 2, 6.4, 43, 166, SMOTE-sampling, Best first, false, 45.0, 63.0, 2892.0, 453.0, 0.09, 0.42, 85.06, 0.91, 0.1
NaiveBayes, Bugginess classifier with balancing techniques with feature selection, 2, 6.4, 43, 166, UNDER-sampling, Best first, false, 294.0, 180.0, 2775.0, 204.0, 0.59, 0.62, 88.88, 0.8, 0.54
RandomForest, Bugginess classifier with balancing techniques with feature selection, 2, 6.4, 43, 166, UNDER-sampling, Best first, false, 450.0, 369.0, 2586.0, 48.0, 0.9, 0.55, 87.92, 0.92, 0.61
IBk, Bugginess classifier with balancing techniques with feature selection, 2, 6.4, 43, 166, UNDER-sampling, Best first, false, 366.0, 390.0, 2565.0, 132.0, 0.73, 0.48, 84.88, 0.86, 0.5
J48, Bugginess classifier with balancing techniques with feature selection, 2, 6.4, 43, 166, UNDER-sampling, Best first, false, 465.0, 435.0, 2520.0, 33.0, 0.93, 0.52, 86.45, 0.89, 0.59
NaiveBayes, Bugginess classifier with balancing techniques with feature selection, 2, 6.4, 43, 166, OVER-sampling, Best first, false, 192.0, 87.0, 2868.0, 306.0, 0.39, 0.69, 88.62, 0.76, 0.44
RandomForest, Bugginess classifier with balancing techniques with feature selection, 2, 6.4, 43, 166, OVER-sampling, Best first, false, 150.0, 138.0, 2817.0, 348.0, 0.3, 0.52, 85.93, 0.66, 0.31
IBk, Bugginess classifier with balancing techniques with feature selection, 2, 6.4, 43, 166, OVER-sampling, Best first, false, 216.0, 102.0, 2853.0, 282.0, 0.43, 0.68, 88.88, 0.84, 0.47
J48, Bugginess classifier with balancing techniques with feature selection, 2, 6.4, 43, 166, OVER-sampling, Best first, false, 207.0, 198.0, 2757.0, 291.0, 0.42, 0.51, 85.84, 0.67, 0.38
NaiveBayes, Bugginess classifier with cost sensitive with feature selection, 2, 6.4, 43, 166, false, Best first, true, 119.0, 19.0, 2936.0, 379.0, 0.24, 0.86, 88.47, 0.65, 0.33
RandomForest, Bugginess classifier with cost sensitive with feature selection, 2, 6.4, 43, 166, false, Best first, true, 169.0, 74.0, 2881.0, 329.0, 0.34, 0.7, 88.33, 0.76, 0.4
IBk, Bugginess classifier with cost sensitive with feature selection, 2, 6.4, 43, 166, false, Best first, true, 182.0, 44.0, 2911.0, 316.0, 0.37, 0.81, 89.57, 0.7, 0.45
J48, Bugginess classifier with cost sensitive with feature selection, 2, 6.4, 43, 166, false, Best first, true, 171.0, 65.0, 2890.0, 327.0, 0.34, 0.72, 88.65, 0.79, 0.41
NaiveBayes, Bugginess classifier, 3, 11.3, 188, 225, false, false, false, 48.0, 6.0, 1103.0, 177.0, 0.21, 0.89, 86.28, 0.85, 0.3
RandomForest, Bugginess classifier, 3, 11.3, 188, 225, false, false, false, 84.0, 37.0, 1072.0, 141.0, 0.37, 0.69, 86.66, 0.77, 0.42
IBk, Bugginess classifier, 3, 11.3, 188, 225, false, false, false, 106.0, 106.0, 1003.0, 119.0, 0.47, 0.5, 83.13, 0.67, 0.38
J48, Bugginess classifier, 3, 11.3, 188, 225, false, false, false, 90.0, 41.0, 1068.0, 135.0, 0.4, 0.69, 86.81, 0.88, 0.44
NaiveBayes, Bugginess classifier with feature selection, 3, 11.3, 188, 225, false, Ranker, false, 96.0, 12.0, 2206.0, 354.0, 0.21, 0.89, 86.28, 0.85, 0.3
RandomForest, Bugginess classifier with feature selection, 3, 11.3, 188, 225, false, Ranker, false, 174.0, 70.0, 2148.0, 276.0, 0.39, 0.71, 87.03, 0.78, 0.43
IBk, Bugginess classifier with feature selection, 3, 11.3, 188, 225, false, Ranker, false, 212.0, 212.0, 2006.0, 238.0, 0.47, 0.5, 83.13, 0.67, 0.38
J48, Bugginess classifier with feature selection, 3, 11.3, 188, 225, false, Ranker, false, 176.0, 82.0, 2136.0, 274.0, 0.39, 0.68, 86.66, 0.88, 0.43
NaiveBayes, Bugginess classifier with balancing techniques, 3, 11.3, 188, 225, SMOTE-sampling, false, false, 160.0, 38.0, 2180.0, 290.0, 0.36, 0.81, 87.71, 0.85, 0.44
RandomForest, Bugginess classifier with balancing techniques, 3, 11.3, 188, 225, SMOTE-sampling, false, false, 224.0, 88.0, 2130.0, 226.0, 0.5, 0.72, 88.23, 0.8, 0.52
IBk, Bugginess classifier with balancing techniques, 3, 11.3, 188, 225, SMOTE-sampling, false, false, 224.0, 226.0, 1992.0, 226.0, 0.5, 0.5, 83.06, 0.68, 0.4
J48, Bugginess classifier with balancing techniques, 3, 11.3, 188, 225, SMOTE-sampling, false, false, 186.0, 94.0, 2124.0, 264.0, 0.41, 0.66, 86.58, 0.86, 0.44
NaiveBayes, Bugginess classifier with balancing techniques with feature selection, 3, 11.3, 188, 225, SMOTE-sampling, Best first, false, 426.0, 84.0, 3243.0, 249.0, 0.63, 0.84, 91.68, 0.88, 0.67
RandomForest, Bugginess classifier with balancing techniques with feature selection, 3, 11.3, 188, 225, SMOTE-sampling, Best first, false, 222.0, 246.0, 3081.0, 453.0, 0.33, 0.47, 82.53, 0.77, 0.29
IBk, Bugginess classifier with balancing techniques with feature selection, 3, 11.3, 188, 225, SMOTE-sampling, Best first, false, 231.0, 666.0, 2661.0, 444.0, 0.34, 0.26, 72.26, 0.77, 0.13
J48, Bugginess classifier with balancing techniques with feature selection, 3, 11.3, 188, 225, SMOTE-sampling, Best first, false, 237.0, 231.0, 3096.0, 438.0, 0.35, 0.51, 83.28, 0.83, 0.32
NaiveBayes, Bugginess classifier with balancing techniques with feature selection, 3, 11.3, 188, 225, UNDER-sampling, Best first, false, 612.0, 3306.0, 21.0, 63.0, 0.91, 0.16, 15.82, 0.87, -0.03
RandomForest, Bugginess classifier with balancing techniques with feature selection, 3, 11.3, 188, 225, UNDER-sampling, Best first, false, 471.0, 804.0, 2523.0, 204.0, 0.7, 0.37, 74.81, 0.82, 0.34
IBk, Bugginess classifier with balancing techniques with feature selection, 3, 11.3, 188, 225, UNDER-sampling, Best first, false, 504.0, 1035.0, 2292.0, 171.0, 0.75, 0.33, 69.87, 0.71, 0.29
J48, Bugginess classifier with balancing techniques with feature selection, 3, 11.3, 188, 225, UNDER-sampling, Best first, false, 576.0, 561.0, 2766.0, 99.0, 0.85, 0.51, 83.51, 0.83, 0.54
NaiveBayes, Bugginess classifier with balancing techniques with feature selection, 3, 11.3, 188, 225, OVER-sampling, Best first, false, 615.0, 3306.0, 21.0, 60.0, 0.91, 0.16, 15.89, 0.87, -0.03
RandomForest, Bugginess classifier with balancing techniques with feature selection, 3, 11.3, 188, 225, OVER-sampling, Best first, false, 384.0, 582.0, 2745.0, 291.0, 0.57, 0.4, 78.19, 0.79, 0.34
IBk, Bugginess classifier with balancing techniques with feature selection, 3, 11.3, 188, 225, OVER-sampling, Best first, false, 408.0, 711.0, 2616.0, 267.0, 0.6, 0.36, 75.56, 0.76, 0.31
J48, Bugginess classifier with balancing techniques with feature selection, 3, 11.3, 188, 225, OVER-sampling, Best first, false, 426.0, 915.0, 2412.0, 249.0, 0.63, 0.32, 70.91, 0.65, 0.26
NaiveBayes, Bugginess classifier with cost sensitive with feature selection, 3, 11.3, 188, 225, false, Best first, true, 497.0, 2217.0, 1110.0, 178.0, 0.74, 0.18, 40.15, 0.5, 0.03
RandomForest, Bugginess classifier with cost sensitive with feature selection, 3, 11.3, 188, 225, false, Best first, true, 329.0, 649.0, 2678.0, 346.0, 0.49, 0.34, 75.14, 0.7, 0.25
IBk, Bugginess classifier with cost sensitive with feature selection, 3, 11.3, 188, 225, false, Best first, true, 296.0, 672.0, 2655.0, 379.0, 0.44, 0.31, 73.74, 0.66, 0.2
J48, Bugginess classifier with cost sensitive with feature selection, 3, 11.3, 188, 225, false, Best first, true, 382.0, 400.0, 2927.0, 293.0, 0.57, 0.49, 82.68, 0.79, 0.42
NaiveBayes, Bugginess classifier, 4, 16.9, 327, 317, false, false, false, 71.0, 4.0, 1151.0, 246.0, 0.22, 0.95, 83.02, 0.89, 0.3
RandomForest, Bugginess classifier, 4, 16.9, 327, 317, false, false, false, 122.0, 4.0, 1151.0, 195.0, 0.38, 0.97, 86.48, 0.9, 0.49
IBk, Bugginess classifier, 4, 16.9, 327, 317, false, false, false, 122.0, 31.0, 1124.0, 195.0, 0.38, 0.8, 84.65, 0.72, 0.44
J48, Bugginess classifier, 4, 16.9, 327, 317, false, false, false, 115.0, 7.0, 1148.0, 202.0, 0.36, 0.94, 85.8, 0.84, 0.46
NaiveBayes, Bugginess classifier with feature selection, 4, 16.9, 327, 317, false, Ranker, false, 142.0, 8.0, 2302.0, 492.0, 0.22, 0.95, 83.02, 0.89, 0.3
RandomForest, Bugginess classifier with feature selection, 4, 16.9, 327, 317, false, Ranker, false, 272.0, 8.0, 2302.0, 362.0, 0.43, 0.97, 87.43, 0.92, 0.53
IBk, Bugginess classifier with feature selection, 4, 16.9, 327, 317, false, Ranker, false, 244.0, 62.0, 2248.0, 390.0, 0.38, 0.8, 84.65, 0.72, 0.44
J48, Bugginess classifier with feature selection, 4, 16.9, 327, 317, false, Ranker, false, 230.0, 14.0, 2296.0, 404.0, 0.36, 0.94, 85.8, 0.84, 0.46
NaiveBayes, Bugginess classifier with balancing techniques, 4, 16.9, 327, 317, SMOTE-sampling, false, false, 182.0, 10.0, 2300.0, 452.0, 0.29, 0.95, 84.31, 0.9, 0.38
RandomForest, Bugginess classifier with balancing techniques, 4, 16.9, 327, 317, SMOTE-sampling, false, false, 338.0, 46.0, 2264.0, 296.0, 0.53, 0.88, 88.38, 0.9, 0.6
IBk, Bugginess classifier with balancing techniques, 4, 16.9, 327, 317, SMOTE-sampling, false, false, 345.0, 68.0, 2242.0, 289.0, 0.54, 0.84, 87.87, 0.79, 0.59
J48, Bugginess classifier with balancing techniques, 4, 16.9, 327, 317, SMOTE-sampling, false, false, 324.0, 42.0, 2268.0, 310.0, 0.51, 0.89, 88.04, 0.86, 0.58
NaiveBayes, Bugginess classifier with balancing techniques with feature selection, 4, 16.9, 327, 317, SMOTE-sampling, Best first, false, 474.0, 60.0, 3405.0, 477.0, 0.5, 0.89, 87.84, 0.95, 0.57
RandomForest, Bugginess classifier with balancing techniques with feature selection, 4, 16.9, 327, 317, SMOTE-sampling, Best first, false, 354.0, 72.0, 3393.0, 597.0, 0.37, 0.83, 84.85, 0.88, 0.44
IBk, Bugginess classifier with balancing techniques with feature selection, 4, 16.9, 327, 317, SMOTE-sampling, Best first, false, 387.0, 69.0, 3396.0, 564.0, 0.41, 0.85, 85.67, 0.92, 0.48
J48, Bugginess classifier with balancing techniques with feature selection, 4, 16.9, 327, 317, SMOTE-sampling, Best first, false, 303.0, 63.0, 3402.0, 648.0, 0.32, 0.83, 83.9, 0.86, 0.39
NaiveBayes, Bugginess classifier with balancing techniques with feature selection, 4, 16.9, 327, 317, UNDER-sampling, Best first, false, 774.0, 330.0, 3135.0, 177.0, 0.81, 0.7, 88.52, 0.95, 0.68
RandomForest, Bugginess classifier with balancing techniques with feature selection, 4, 16.9, 327, 317, UNDER-sampling, Best first, false, 729.0, 294.0, 3171.0, 222.0, 0.77, 0.71, 88.32, 0.91, 0.66
IBk, Bugginess classifier with balancing techniques with feature selection, 4, 16.9, 327, 317, UNDER-sampling, Best first, false, 711.0, 261.0, 3204.0, 240.0, 0.75, 0.73, 88.65, 0.93, 0.67
J48, Bugginess classifier with balancing techniques with feature selection, 4, 16.9, 327, 317, UNDER-sampling, Best first, false, 708.0, 249.0, 3216.0, 243.0, 0.74, 0.74, 88.86, 0.9, 0.67
NaiveBayes, Bugginess classifier with balancing techniques with feature selection, 4, 16.9, 327, 317, OVER-sampling, Best first, false, 774.0, 330.0, 3135.0, 177.0, 0.81, 0.7, 88.52, 0.95, 0.68
RandomForest, Bugginess classifier with balancing techniques with feature selection, 4, 16.9, 327, 317, OVER-sampling, Best first, false, 588.0, 261.0, 3204.0, 363.0, 0.62, 0.69, 85.87, 0.84, 0.56
IBk, Bugginess classifier with balancing techniques with feature selection, 4, 16.9, 327, 317, OVER-sampling, Best first, false, 600.0, 261.0, 3204.0, 351.0, 0.63, 0.7, 86.14, 0.92, 0.58
J48, Bugginess classifier with balancing techniques with feature selection, 4, 16.9, 327, 317, OVER-sampling, Best first, false, 621.0, 282.0, 3183.0, 330.0, 0.65, 0.69, 86.14, 0.82, 0.58
NaiveBayes, Bugginess classifier with cost sensitive with feature selection, 4, 16.9, 327, 317, false, Best first, true, 647.0, 232.0, 3233.0, 304.0, 0.68, 0.74, 87.86, 0.87, 0.63
RandomForest, Bugginess classifier with cost sensitive with feature selection, 4, 16.9, 327, 317, false, Best first, true, 545.0, 383.0, 3082.0, 406.0, 0.57, 0.59, 82.13, 0.79, 0.47
IBk, Bugginess classifier with cost sensitive with feature selection, 4, 16.9, 327, 317, false, Best first, true, 511.0, 194.0, 3271.0, 440.0, 0.54, 0.72, 85.64, 0.79, 0.53
J48, Bugginess classifier with cost sensitive with feature selection, 4, 16.9, 327, 317, false, Best first, true, 466.0, 313.0, 3152.0, 485.0, 0.49, 0.6, 81.93, 0.75, 0.43
NaiveBayes, Bugginess classifier, 5, 23.1, 579, 318, false, false, false, 45.0, 19.0, 1212.0, 273.0, 0.14, 0.7, 81.15, 0.81, 0.18
RandomForest, Bugginess classifier, 5, 23.1, 579, 318, false, false, false, 173.0, 81.0, 1150.0, 145.0, 0.54, 0.68, 85.41, 0.87, 0.52
IBk, Bugginess classifier, 5, 23.1, 579, 318, false, false, false, 176.0, 71.0, 1160.0, 142.0, 0.55, 0.71, 86.25, 0.74, 0.54
J48, Bugginess classifier, 5, 23.1, 579, 318, false, false, false, 148.0, 71.0, 1160.0, 170.0, 0.47, 0.68, 84.44, 0.82, 0.46
NaiveBayes, Bugginess classifier with feature selection, 5, 23.1, 579, 318, false, Ranker, false, 90.0, 38.0, 2424.0, 546.0, 0.14, 0.7, 81.15, 0.81, 0.18
RandomForest, Bugginess classifier with feature selection, 5, 23.1, 579, 318, false, Ranker, false, 330.0, 160.0, 2302.0, 306.0, 0.52, 0.67, 84.96, 0.88, 0.5
IBk, Bugginess classifier with feature selection, 5, 23.1, 579, 318, false, Ranker, false, 354.0, 142.0, 2320.0, 282.0, 0.56, 0.71, 86.31, 0.75, 0.54
J48, Bugginess classifier with feature selection, 5, 23.1, 579, 318, false, Ranker, false, 296.0, 144.0, 2318.0, 340.0, 0.47, 0.67, 84.38, 0.82, 0.46
NaiveBayes, Bugginess classifier with balancing techniques, 5, 23.1, 579, 318, SMOTE-sampling, false, false, 126.0, 58.0, 2404.0, 510.0, 0.2, 0.68, 81.67, 0.81, 0.24
RandomForest, Bugginess classifier with balancing techniques, 5, 23.1, 579, 318, SMOTE-sampling, false, false, 360.0, 174.0, 2288.0, 276.0, 0.57, 0.67, 85.47, 0.88, 0.53
IBk, Bugginess classifier with balancing techniques, 5, 23.1, 579, 318, SMOTE-sampling, false, false, 364.0, 152.0, 2310.0, 272.0, 0.57, 0.71, 86.31, 0.75, 0.55
J48, Bugginess classifier with balancing techniques, 5, 23.1, 579, 318, SMOTE-sampling, false, false, 354.0, 154.0, 2308.0, 282.0, 0.56, 0.7, 85.93, 0.86, 0.53
NaiveBayes, Bugginess classifier with balancing techniques with feature selection, 5, 23.1, 579, 318, SMOTE-sampling, Best first, false, 441.0, 198.0, 3495.0, 513.0, 0.46, 0.69, 84.7, 0.88, 0.47
RandomForest, Bugginess classifier with balancing techniques with feature selection, 5, 23.1, 579, 318, SMOTE-sampling, Best first, false, 402.0, 240.0, 3453.0, 552.0, 0.42, 0.63, 82.96, 0.88, 0.41
IBk, Bugginess classifier with balancing techniques with feature selection, 5, 23.1, 579, 318, SMOTE-sampling, Best first, false, 423.0, 225.0, 3468.0, 531.0, 0.44, 0.65, 83.73, 0.89, 0.43
J48, Bugginess classifier with balancing techniques with feature selection, 5, 23.1, 579, 318, SMOTE-sampling, Best first, false, 432.0, 96.0, 3597.0, 522.0, 0.45, 0.82, 86.7, 0.88, 0.51
NaiveBayes, Bugginess classifier with balancing techniques with feature selection, 5, 23.1, 579, 318, UNDER-sampling, Best first, false, 723.0, 540.0, 3153.0, 231.0, 0.76, 0.57, 83.41, 0.88, 0.55
RandomForest, Bugginess classifier with balancing techniques with feature selection, 5, 23.1, 579, 318, UNDER-sampling, Best first, false, 738.0, 495.0, 3198.0, 216.0, 0.77, 0.6, 84.7, 0.89, 0.58
IBk, Bugginess classifier with balancing techniques with feature selection, 5, 23.1, 579, 318, UNDER-sampling, Best first, false, 735.0, 489.0, 3204.0, 219.0, 0.77, 0.6, 84.76, 0.9, 0.58
J48, Bugginess classifier with balancing techniques with feature selection, 5, 23.1, 579, 318, UNDER-sampling, Best first, false, 672.0, 339.0, 3354.0, 282.0, 0.7, 0.66, 86.64, 0.9, 0.6
NaiveBayes, Bugginess classifier with balancing techniques with feature selection, 5, 23.1, 579, 318, OVER-sampling, Best first, false, 723.0, 540.0, 3153.0, 231.0, 0.76, 0.57, 83.41, 0.88, 0.55
RandomForest, Bugginess classifier with balancing techniques with feature selection, 5, 23.1, 579, 318, OVER-sampling, Best first, false, 642.0, 486.0, 3207.0, 312.0, 0.67, 0.57, 82.83, 0.84, 0.51
IBk, Bugginess classifier with balancing techniques with feature selection, 5, 23.1, 579, 318, OVER-sampling, Best first, false, 666.0, 471.0, 3222.0, 288.0, 0.7, 0.59, 83.67, 0.89, 0.53
J48, Bugginess classifier with balancing techniques with feature selection, 5, 23.1, 579, 318, OVER-sampling, Best first, false, 645.0, 339.0, 3354.0, 309.0, 0.68, 0.66, 86.06, 0.8, 0.58
NaiveBayes, Bugginess classifier with cost sensitive with feature selection, 5, 23.1, 579, 318, false, Best first, true, 602.0, 409.0, 3284.0, 352.0, 0.63, 0.6, 83.62, 0.81, 0.51
RandomForest, Bugginess classifier with cost sensitive with feature selection, 5, 23.1, 579, 318, false, Best first, true, 606.0, 410.0, 3283.0, 348.0, 0.64, 0.6, 83.69, 0.83, 0.51
IBk, Bugginess classifier with cost sensitive with feature selection, 5, 23.1, 579, 318, false, Best first, true, 583.0, 389.0, 3304.0, 371.0, 0.61, 0.6, 83.65, 0.8, 0.5
J48, Bugginess classifier with cost sensitive with feature selection, 5, 23.1, 579, 318, false, Best first, true, 598.0, 381.0, 3312.0, 356.0, 0.63, 0.61, 84.14, 0.83, 0.52
NaiveBayes, Bugginess classifier, 6, 29.7, 897, 286, false, false, false, 50.0, 66.0, 1624.0, 236.0, 0.17, 0.43, 84.72, 0.86, 0.18
RandomForest, Bugginess classifier, 6, 29.7, 897, 286, false, false, false, 151.0, 169.0, 1521.0, 135.0, 0.53, 0.47, 84.62, 0.81, 0.41
IBk, Bugginess classifier, 6, 29.7, 897, 286, false, false, false, 141.0, 163.0, 1527.0, 145.0, 0.49, 0.46, 84.41, 0.7, 0.39
J48, Bugginess classifier, 6, 29.7, 897, 286, false, false, false, 126.0, 119.0, 1571.0, 160.0, 0.44, 0.51, 85.88, 0.84, 0.39
NaiveBayes, Bugginess classifier with feature selection, 6, 29.7, 897, 286, false, Ranker, false, 100.0, 132.0, 3248.0, 472.0, 0.17, 0.43, 84.72, 0.86, 0.18
RandomForest, Bugginess classifier with feature selection, 6, 29.7, 897, 286, false, Ranker, false, 300.0, 332.0, 3048.0, 272.0, 0.52, 0.47, 84.72, 0.8, 0.41
IBk, Bugginess classifier with feature selection, 6, 29.7, 897, 286, false, Ranker, false, 282.0, 326.0, 3054.0, 290.0, 0.49, 0.46, 84.41, 0.7, 0.39
J48, Bugginess classifier with feature selection, 6, 29.7, 897, 286, false, Ranker, false, 252.0, 238.0, 3142.0, 320.0, 0.44, 0.51, 85.88, 0.84, 0.39
NaiveBayes, Bugginess classifier with balancing techniques, 6, 29.7, 897, 286, SMOTE-sampling, false, false, 112.0, 148.0, 3232.0, 460.0, 0.2, 0.43, 84.62, 0.87, 0.2
RandomForest, Bugginess classifier with balancing techniques, 6, 29.7, 897, 286, SMOTE-sampling, false, false, 360.0, 366.0, 3014.0, 212.0, 0.63, 0.5, 85.37, 0.81, 0.47
IBk, Bugginess classifier with balancing techniques, 6, 29.7, 897, 286, SMOTE-sampling, false, false, 316.0, 388.0, 2992.0, 256.0, 0.55, 0.45, 83.7, 0.71, 0.4
J48, Bugginess classifier with balancing techniques, 6, 29.7, 897, 286, SMOTE-sampling, false, false, 304.0, 246.0, 3134.0, 268.0, 0.53, 0.55, 86.99, 0.8, 0.47
NaiveBayes, Bugginess classifier with balancing techniques with feature selection, 6, 29.7, 897, 286, SMOTE-sampling, Best first, false, 378.0, 372.0, 4698.0, 480.0, 0.44, 0.5, 85.63, 0.9, 0.39
RandomForest, Bugginess classifier with balancing techniques with feature selection, 6, 29.7, 897, 286, SMOTE-sampling, Best first, false, 501.0, 510.0, 4560.0, 357.0, 0.58, 0.5, 85.37, 0.89, 0.45
IBk, Bugginess classifier with balancing techniques with feature selection, 6, 29.7, 897, 286, SMOTE-sampling, Best first, false, 495.0, 580.0, 4490.0, 363.0, 0.58, 0.46, 84.09, 0.85, 0.42
J48, Bugginess classifier with balancing techniques with feature selection, 6, 29.7, 897, 286, SMOTE-sampling, Best first, false, 531.0, 624.0, 4446.0, 327.0, 0.62, 0.46, 83.96, 0.87, 0.43
NaiveBayes, Bugginess classifier with balancing techniques with feature selection, 6, 29.7, 897, 286, UNDER-sampling, Best first, false, 567.0, 570.0, 4500.0, 291.0, 0.66, 0.5, 85.48, 0.91, 0.48
RandomForest, Bugginess classifier with balancing techniques with feature selection, 6, 29.7, 897, 286, UNDER-sampling, Best first, false, 741.0, 939.0, 4131.0, 117.0, 0.86, 0.44, 82.19, 0.89, 0.49
IBk, Bugginess classifier with balancing techniques with feature selection, 6, 29.7, 897, 286, UNDER-sampling, Best first, false, 735.0, 906.0, 4164.0, 123.0, 0.86, 0.45, 82.64, 0.86, 0.49
J48, Bugginess classifier with balancing techniques with feature selection, 6, 29.7, 897, 286, UNDER-sampling, Best first, false, 780.0, 879.0, 4191.0, 78.0, 0.91, 0.47, 83.86, 0.9, 0.53
NaiveBayes, Bugginess classifier with balancing techniques with feature selection, 6, 29.7, 897, 286, OVER-sampling, Best first, false, 567.0, 570.0, 4500.0, 291.0, 0.66, 0.5, 85.48, 0.91, 0.48
RandomForest, Bugginess classifier with balancing techniques with feature selection, 6, 29.7, 897, 286, OVER-sampling, Best first, false, 597.0, 702.0, 4368.0, 261.0, 0.7, 0.46, 83.76, 0.87, 0.46
IBk, Bugginess classifier with balancing techniques with feature selection, 6, 29.7, 897, 286, OVER-sampling, Best first, false, 594.0, 818.0, 4252.0, 264.0, 0.69, 0.42, 81.75, 0.85, 0.42
J48, Bugginess classifier with balancing techniques with feature selection, 6, 29.7, 897, 286, OVER-sampling, Best first, false, 609.0, 726.0, 4344.0, 249.0, 0.71, 0.46, 83.55, 0.86, 0.46
NaiveBayes, Bugginess classifier with cost sensitive with feature selection, 6, 29.7, 897, 286, false, Best first, true, 539.0, 644.0, 4426.0, 319.0, 0.63, 0.46, 83.76, 0.81, 0.43
RandomForest, Bugginess classifier with cost sensitive with feature selection, 6, 29.7, 897, 286, false, Best first, true, 634.0, 853.0, 4217.0, 224.0, 0.74, 0.43, 81.83, 0.86, 0.44
IBk, Bugginess classifier with cost sensitive with feature selection, 6, 29.7, 897, 286, false, Best first, true, 620.0, 874.0, 4196.0, 238.0, 0.72, 0.41, 81.24, 0.84, 0.42
J48, Bugginess classifier with cost sensitive with feature selection, 6, 29.7, 897, 286, false, Best first, true, 595.0, 806.0, 4264.0, 263.0, 0.69, 0.42, 81.97, 0.82, 0.42
NaiveBayes, Bugginess classifier, 7, 38.0, 1182, 192, false, false, false, 30.0, 48.0, 2156.0, 162.0, 0.16, 0.38, 91.24, 0.45, 0.18
RandomForest, Bugginess classifier, 7, 38.0, 1182, 192, false, false, false, 43.0, 122.0, 2082.0, 149.0, 0.22, 0.26, 88.69, 0.89, 0.18
IBk, Bugginess classifier, 7, 38.0, 1182, 192, false, false, false, 61.0, 219.0, 1985.0, 131.0, 0.32, 0.22, 85.39, 0.71, 0.18
J48, Bugginess classifier, 7, 38.0, 1182, 192, false, false, false, 97.0, 188.0, 2016.0, 95.0, 0.51, 0.34, 88.19, 0.85, 0.34
NaiveBayes, Bugginess classifier with feature selection, 7, 38.0, 1182, 192, false, Ranker, false, 60.0, 96.0, 4312.0, 324.0, 0.16, 0.38, 91.24, 0.45, 0.18
RandomForest, Bugginess classifier with feature selection, 7, 38.0, 1182, 192, false, Ranker, false, 80.0, 226.0, 4182.0, 304.0, 0.21, 0.26, 88.94, 0.87, 0.17
IBk, Bugginess classifier with feature selection, 7, 38.0, 1182, 192, false, Ranker, false, 123.0, 437.0, 3971.0, 261.0, 0.32, 0.22, 85.43, 0.71, 0.18
J48, Bugginess classifier with feature selection, 7, 38.0, 1182, 192, false, Ranker, false, 192.0, 370.0, 4038.0, 192.0, 0.5, 0.34, 88.27, 0.85, 0.34
NaiveBayes, Bugginess classifier with balancing techniques, 7, 38.0, 1182, 192, SMOTE-sampling, false, false, 88.0, 196.0, 4212.0, 296.0, 0.23, 0.31, 89.73, 0.45, 0.21
RandomForest, Bugginess classifier with balancing techniques, 7, 38.0, 1182, 192, SMOTE-sampling, false, false, 102.0, 276.0, 4132.0, 282.0, 0.27, 0.27, 88.36, 0.89, 0.2
IBk, Bugginess classifier with balancing techniques, 7, 38.0, 1182, 192, SMOTE-sampling, false, false, 145.0, 496.0, 3912.0, 239.0, 0.38, 0.23, 84.66, 0.72, 0.2
J48, Bugginess classifier with balancing techniques, 7, 38.0, 1182, 192, SMOTE-sampling, false, false, 300.0, 730.0, 3678.0, 84.0, 0.78, 0.29, 83.01, 0.87, 0.35
NaiveBayes, Bugginess classifier with balancing techniques with feature selection, 7, 38.0, 1182, 192, SMOTE-sampling, Best first, false, 117.0, 192.0, 6420.0, 459.0, 0.2, 0.38, 90.94, 0.52, 0.22
RandomForest, Bugginess classifier with balancing techniques with feature selection, 7, 38.0, 1182, 192, SMOTE-sampling, Best first, false, 390.0, 957.0, 5655.0, 186.0, 0.68, 0.29, 84.1, 0.88, 0.33
IBk, Bugginess classifier with balancing techniques with feature selection, 7, 38.0, 1182, 192, SMOTE-sampling, Best first, false, 141.0, 384.0, 6228.0, 435.0, 0.24, 0.27, 88.61, 0.75, 0.19
J48, Bugginess classifier with balancing techniques with feature selection, 7, 38.0, 1182, 192, SMOTE-sampling, Best first, false, 396.0, 876.0, 5736.0, 180.0, 0.69, 0.31, 85.31, 0.78, 0.36
NaiveBayes, Bugginess classifier with balancing techniques with feature selection, 7, 38.0, 1182, 192, UNDER-sampling, Best first, false, 162.0, 354.0, 6258.0, 414.0, 0.28, 0.31, 89.32, 0.52, 0.24
RandomForest, Bugginess classifier with balancing techniques with feature selection, 7, 38.0, 1182, 192, UNDER-sampling, Best first, false, 558.0, 1761.0, 4851.0, 18.0, 0.97, 0.24, 75.25, 0.87, 0.29
IBk, Bugginess classifier with balancing techniques with feature selection, 7, 38.0, 1182, 192, UNDER-sampling, Best first, false, 177.0, 591.0, 6021.0, 399.0, 0.31, 0.23, 86.23, 0.39, 0.19
J48, Bugginess classifier with balancing techniques with feature selection, 7, 38.0, 1182, 192, UNDER-sampling, Best first, false, 567.0, 1743.0, 4869.0, 9.0, 0.98, 0.25, 75.63, 0.87, 0.3
NaiveBayes, Bugginess classifier with balancing techniques with feature selection, 7, 38.0, 1182, 192, OVER-sampling, Best first, false, 162.0, 354.0, 6258.0, 414.0, 0.28, 0.31, 89.32, 0.52, 0.24
RandomForest, Bugginess classifier with balancing techniques with feature selection, 7, 38.0, 1182, 192, OVER-sampling, Best first, false, 417.0, 1113.0, 5499.0, 159.0, 0.72, 0.27, 82.3, 0.78, 0.32
IBk, Bugginess classifier with balancing techniques with feature selection, 7, 38.0, 1182, 192, OVER-sampling, Best first, false, 162.0, 510.0, 6102.0, 414.0, 0.28, 0.24, 87.15, 0.75, 0.19
J48, Bugginess classifier with balancing techniques with feature selection, 7, 38.0, 1182, 192, OVER-sampling, Best first, false, 537.0, 1698.0, 4914.0, 39.0, 0.93, 0.24, 75.83, 0.85, 0.29
NaiveBayes, Bugginess classifier with cost sensitive with feature selection, 7, 38.0, 1182, 192, false, Best first, true, 142.0, 401.0, 6211.0, 434.0, 0.25, 0.26, 88.38, 0.6, 0.19
RandomForest, Bugginess classifier with cost sensitive with feature selection, 7, 38.0, 1182, 192, false, Best first, true, 479.0, 1456.0, 5156.0, 97.0, 0.83, 0.25, 78.39, 0.86, 0.29
IBk, Bugginess classifier with cost sensitive with feature selection, 7, 38.0, 1182, 192, false, Best first, true, 158.0, 475.0, 6137.0, 418.0, 0.27, 0.25, 87.58, 0.62, 0.19
J48, Bugginess classifier with cost sensitive with feature selection, 7, 38.0, 1182, 192, false, Best first, true, 314.0, 838.0, 5774.0, 262.0, 0.55, 0.27, 84.7, 0.69, 0.29
NaiveBayes, Bugginess classifier, 8, 48.1, 1368, 186, false, false, false, 10.0, 1.0, 2211.0, 176.0, 0.05, 0.91, 92.62, 0.91, 0.09
RandomForest, Bugginess classifier, 8, 48.1, 1368, 186, false, false, false, 72.0, 274.0, 1938.0, 114.0, 0.39, 0.21, 83.82, 0.84, 0.19
IBk, Bugginess classifier, 8, 48.1, 1368, 186, false, false, false, 87.0, 312.0, 1900.0, 99.0, 0.47, 0.22, 82.86, 0.66, 0.21
J48, Bugginess classifier, 8, 48.1, 1368, 186, false, false, false, 35.0, 158.0, 2054.0, 151.0, 0.19, 0.18, 87.11, 0.83, 0.11
NaiveBayes, Bugginess classifier with feature selection, 8, 48.1, 1368, 186, false, Ranker, false, 20.0, 2.0, 4422.0, 352.0, 0.05, 0.91, 92.62, 0.91, 0.09
RandomForest, Bugginess classifier with feature selection, 8, 48.1, 1368, 186, false, Ranker, false, 168.0, 606.0, 3818.0, 204.0, 0.45, 0.22, 83.11, 0.84, 0.21
IBk, Bugginess classifier with feature selection, 8, 48.1, 1368, 186, false, Ranker, false, 174.0, 624.0, 3800.0, 198.0, 0.47, 0.22, 82.86, 0.66, 0.21
J48, Bugginess classifier with feature selection, 8, 48.1, 1368, 186, false, Ranker, false, 70.0, 316.0, 4108.0, 302.0, 0.19, 0.18, 87.11, 0.83, 0.11
NaiveBayes, Bugginess classifier with balancing techniques, 8, 48.1, 1368, 186, SMOTE-sampling, false, false, 22.0, 14.0, 4410.0, 350.0, 0.06, 0.61, 92.41, 0.91, 0.1
RandomForest, Bugginess classifier with balancing techniques, 8, 48.1, 1368, 186, SMOTE-sampling, false, false, 182.0, 684.0, 3740.0, 190.0, 0.49, 0.21, 81.78, 0.84, 0.21
IBk, Bugginess classifier with balancing techniques, 8, 48.1, 1368, 186, SMOTE-sampling, false, false, 194.0, 726.0, 3698.0, 178.0, 0.52, 0.21, 81.15, 0.68, 0.21
J48, Bugginess classifier with balancing techniques, 8, 48.1, 1368, 186, SMOTE-sampling, false, false, 156.0, 512.0, 3912.0, 216.0, 0.42, 0.23, 84.82, 0.86, 0.22
NaiveBayes, Bugginess classifier with balancing techniques with feature selection, 8, 48.1, 1368, 186, SMOTE-sampling, Best first, false, 228.0, 480.0, 6156.0, 330.0, 0.41, 0.32, 88.74, 0.9, 0.3
RandomForest, Bugginess classifier with balancing techniques with feature selection, 8, 48.1, 1368, 186, SMOTE-sampling, Best first, false, 276.0, 690.0, 5946.0, 282.0, 0.49, 0.29, 86.49, 0.88, 0.29
IBk, Bugginess classifier with balancing techniques with feature selection, 8, 48.1, 1368, 186, SMOTE-sampling, Best first, false, 255.0, 615.0, 6021.0, 303.0, 0.46, 0.29, 87.24, 0.86, 0.29
J48, Bugginess classifier with balancing techniques with feature selection, 8, 48.1, 1368, 186, SMOTE-sampling, Best first, false, 285.0, 702.0, 5934.0, 273.0, 0.51, 0.29, 86.45, 0.88, 0.3
NaiveBayes, Bugginess classifier with balancing techniques with feature selection, 8, 48.1, 1368, 186, UNDER-sampling, Best first, false, 480.0, 1134.0, 5502.0, 78.0, 0.86, 0.3, 83.15, 0.9, 0.37
RandomForest, Bugginess classifier with balancing techniques with feature selection, 8, 48.1, 1368, 186, UNDER-sampling, Best first, false, 492.0, 1527.0, 5109.0, 66.0, 0.88, 0.24, 77.86, 0.9, 0.3
IBk, Bugginess classifier with balancing techniques with feature selection, 8, 48.1, 1368, 186, UNDER-sampling, Best first, false, 489.0, 1530.0, 5106.0, 69.0, 0.88, 0.24, 77.77, 0.89, 0.29
J48, Bugginess classifier with balancing techniques with feature selection, 8, 48.1, 1368, 186, UNDER-sampling, Best first, false, 555.0, 1776.0, 4860.0, 3.0, 0.99, 0.24, 75.27, 0.9, 0.3
NaiveBayes, Bugginess classifier with balancing techniques with feature selection, 8, 48.1, 1368, 186, OVER-sampling, Best first, false, 480.0, 1134.0, 5502.0, 78.0, 0.86, 0.3, 83.15, 0.9, 0.37
RandomForest, Bugginess classifier with balancing techniques with feature selection, 8, 48.1, 1368, 186, OVER-sampling, Best first, false, 525.0, 1722.0, 4914.0, 33.0, 0.94, 0.23, 75.6, 0.87, 0.29
IBk, Bugginess classifier with balancing techniques with feature selection, 8, 48.1, 1368, 186, OVER-sampling, Best first, false, 534.0, 1731.0, 4905.0, 24.0, 0.96, 0.24, 75.6, 0.86, 0.29
J48, Bugginess classifier with balancing techniques with feature selection, 8, 48.1, 1368, 186, OVER-sampling, Best first, false, 540.0, 1734.0, 4902.0, 18.0, 0.97, 0.24, 75.65, 0.88, 0.29
NaiveBayes, Bugginess classifier with cost sensitive with feature selection, 8, 48.1, 1368, 186, false, Best first, true, 396.0, 916.0, 5720.0, 162.0, 0.71, 0.3, 85.02, 0.85, 0.35
RandomForest, Bugginess classifier with cost sensitive with feature selection, 8, 48.1, 1368, 186, false, Best first, true, 395.0, 1216.0, 5420.0, 163.0, 0.71, 0.25, 80.83, 0.86, 0.28
IBk, Bugginess classifier with cost sensitive with feature selection, 8, 48.1, 1368, 186, false, Best first, true, 389.0, 1215.0, 5421.0, 169.0, 0.7, 0.24, 80.76, 0.85, 0.28
J48, Bugginess classifier with cost sensitive with feature selection, 8, 48.1, 1368, 186, false, Best first, true, 395.0, 1216.0, 5420.0, 163.0, 0.71, 0.25, 80.83, 0.85, 0.28
NaiveBayes, Bugginess classifier, 9, 58.2, 1554, 229, false, false, false, 9.0, 1.0, 2168.0, 220.0, 0.04, 0.9, 90.78, 0.91, 0.07
RandomForest, Bugginess classifier, 9, 58.2, 1554, 229, false, false, false, 170.0, 7.0, 2162.0, 59.0, 0.74, 0.96, 97.25, 0.97, 0.82
IBk, Bugginess classifier, 9, 58.2, 1554, 229, false, false, false, 172.0, 14.0, 2155.0, 57.0, 0.75, 0.92, 97.04, 0.93, 0.81
J48, Bugginess classifier, 9, 58.2, 1554, 229, false, false, false, 94.0, 46.0, 2123.0, 135.0, 0.41, 0.67, 92.45, 0.91, 0.47
NaiveBayes, Bugginess classifier with feature selection, 9, 58.2, 1554, 229, false, Ranker, false, 18.0, 2.0, 4336.0, 440.0, 0.04, 0.9, 90.78, 0.91, 0.07
RandomForest, Bugginess classifier with feature selection, 9, 58.2, 1554, 229, false, Ranker, false, 344.0, 14.0, 4324.0, 114.0, 0.75, 0.96, 97.33, 0.97, 0.83
IBk, Bugginess classifier with feature selection, 9, 58.2, 1554, 229, false, Ranker, false, 344.0, 28.0, 4310.0, 114.0, 0.75, 0.92, 97.04, 0.93, 0.81
J48, Bugginess classifier with feature selection, 9, 58.2, 1554, 229, false, Ranker, false, 188.0, 92.0, 4246.0, 270.0, 0.41, 0.67, 92.45, 0.91, 0.47
NaiveBayes, Bugginess classifier with balancing techniques, 9, 58.2, 1554, 229, SMOTE-sampling, false, false, 18.0, 12.0, 4326.0, 440.0, 0.04, 0.6, 90.58, 0.91, 0.06
RandomForest, Bugginess classifier with balancing techniques, 9, 58.2, 1554, 229, SMOTE-sampling, false, false, 350.0, 22.0, 4316.0, 108.0, 0.76, 0.94, 97.29, 0.98, 0.83
IBk, Bugginess classifier with balancing techniques, 9, 58.2, 1554, 229, SMOTE-sampling, false, false, 344.0, 54.0, 4284.0, 114.0, 0.75, 0.86, 96.5, 0.93, 0.78
J48, Bugginess classifier with balancing techniques, 9, 58.2, 1554, 229, SMOTE-sampling, false, false, 146.0, 70.0, 4268.0, 312.0, 0.32, 0.68, 92.04, 0.91, 0.4
NaiveBayes, Bugginess classifier with balancing techniques with feature selection, 9, 58.2, 1554, 229, SMOTE-sampling, Best first, false, 261.0, 447.0, 6060.0, 426.0, 0.38, 0.37, 87.86, 0.9, 0.31
RandomForest, Bugginess classifier with balancing techniques with feature selection, 9, 58.2, 1554, 229, SMOTE-sampling, Best first, false, 429.0, 744.0, 5763.0, 258.0, 0.62, 0.37, 86.07, 0.9, 0.39
IBk, Bugginess classifier with balancing techniques with feature selection, 9, 58.2, 1554, 229, SMOTE-sampling, Best first, false, 429.0, 744.0, 5763.0, 258.0, 0.62, 0.37, 86.07, 0.9, 0.39
J48, Bugginess classifier with balancing techniques with feature selection, 9, 58.2, 1554, 229, SMOTE-sampling, Best first, false, 483.0, 825.0, 5682.0, 204.0, 0.7, 0.37, 85.7, 0.9, 0.41
NaiveBayes, Bugginess classifier with balancing techniques with feature selection, 9, 58.2, 1554, 229, UNDER-sampling, Best first, false, 579.0, 1035.0, 5472.0, 108.0, 0.84, 0.36, 84.11, 0.9, 0.43
RandomForest, Bugginess classifier with balancing techniques with feature selection, 9, 58.2, 1554, 229, UNDER-sampling, Best first, false, 684.0, 1647.0, 4860.0, 3.0, 1.0, 0.29, 77.06, 0.9, 0.36
IBk, Bugginess classifier with balancing techniques with feature selection, 9, 58.2, 1554, 229, UNDER-sampling, Best first, false, 684.0, 1641.0, 4866.0, 3.0, 1.0, 0.29, 77.15, 0.9, 0.36
J48, Bugginess classifier with balancing techniques with feature selection, 9, 58.2, 1554, 229, UNDER-sampling, Best first, false, 684.0, 1647.0, 4860.0, 3.0, 1.0, 0.29, 77.06, 0.91, 0.36
NaiveBayes, Bugginess classifier with balancing techniques with feature selection, 9, 58.2, 1554, 229, OVER-sampling, Best first, false, 579.0, 1035.0, 5472.0, 108.0, 0.84, 0.36, 84.11, 0.9, 0.43
RandomForest, Bugginess classifier with balancing techniques with feature selection, 9, 58.2, 1554, 229, OVER-sampling, Best first, false, 681.0, 1641.0, 4866.0, 6.0, 0.99, 0.29, 77.11, 0.9, 0.36
IBk, Bugginess classifier with balancing techniques with feature selection, 9, 58.2, 1554, 229, OVER-sampling, Best first, false, 681.0, 1641.0, 4866.0, 6.0, 0.99, 0.29, 77.11, 0.9, 0.36
J48, Bugginess classifier with balancing techniques with feature selection, 9, 58.2, 1554, 229, OVER-sampling, Best first, false, 684.0, 1644.0, 4863.0, 3.0, 1.0, 0.29, 77.11, 0.9, 0.36
NaiveBayes, Bugginess classifier with cost sensitive with feature selection, 9, 58.2, 1554, 229, false, Best first, true, 473.0, 839.0, 5668.0, 214.0, 0.69, 0.36, 85.36, 0.85, 0.4
RandomForest, Bugginess classifier with cost sensitive with feature selection, 9, 58.2, 1554, 229, false, Best first, true, 472.0, 1109.0, 5398.0, 215.0, 0.69, 0.3, 81.6, 0.87, 0.33
IBk, Bugginess classifier with cost sensitive with feature selection, 9, 58.2, 1554, 229, false, Best first, true, 470.0, 1105.0, 5402.0, 217.0, 0.68, 0.3, 81.62, 0.87, 0.33
J48, Bugginess classifier with cost sensitive with feature selection, 9, 58.2, 1554, 229, false, Best first, true, 490.0, 1154.0, 5353.0, 197.0, 0.71, 0.3, 81.22, 0.88, 0.33
NaiveBayes, Bugginess classifier, 10, 68.4, 1743, 361, false, false, false, 22.0, 1.0, 2122.0, 339.0, 0.06, 0.96, 86.31, 0.9, 0.1
RandomForest, Bugginess classifier, 10, 68.4, 1743, 361, false, false, false, 168.0, 63.0, 2060.0, 193.0, 0.47, 0.73, 89.69, 0.92, 0.51
IBk, Bugginess classifier, 10, 68.4, 1743, 361, false, false, false, 162.0, 249.0, 1874.0, 199.0, 0.45, 0.39, 81.96, 0.67, 0.31
J48, Bugginess classifier, 10, 68.4, 1743, 361, false, false, false, 124.0, 42.0, 2081.0, 237.0, 0.34, 0.75, 88.77, 0.84, 0.42
NaiveBayes, Bugginess classifier with feature selection, 10, 68.4, 1743, 361, false, Ranker, false, 44.0, 2.0, 4244.0, 678.0, 0.06, 0.96, 86.31, 0.9, 0.1
RandomForest, Bugginess classifier with feature selection, 10, 68.4, 1743, 361, false, Ranker, false, 328.0, 124.0, 4122.0, 394.0, 0.45, 0.73, 89.57, 0.92, 0.5
IBk, Bugginess classifier with feature selection, 10, 68.4, 1743, 361, false, Ranker, false, 324.0, 497.0, 3749.0, 398.0, 0.45, 0.39, 81.98, 0.67, 0.31
J48, Bugginess classifier with feature selection, 10, 68.4, 1743, 361, false, Ranker, false, 258.0, 98.0, 4148.0, 464.0, 0.36, 0.72, 88.69, 0.84, 0.42
NaiveBayes, Bugginess classifier with balancing techniques, 10, 68.4, 1743, 361, SMOTE-sampling, false, false, 64.0, 14.0, 4232.0, 658.0, 0.09, 0.82, 86.47, 0.9, 0.14
RandomForest, Bugginess classifier with balancing techniques, 10, 68.4, 1743, 361, SMOTE-sampling, false, false, 418.0, 194.0, 4052.0, 304.0, 0.58, 0.68, 89.98, 0.92, 0.57
IBk, Bugginess classifier with balancing techniques, 10, 68.4, 1743, 361, SMOTE-sampling, false, false, 392.0, 597.0, 3649.0, 330.0, 0.54, 0.4, 81.34, 0.7, 0.35
J48, Bugginess classifier with balancing techniques, 10, 68.4, 1743, 361, SMOTE-sampling, false, false, 342.0, 150.0, 4096.0, 380.0, 0.47, 0.7, 89.33, 0.86, 0.51
NaiveBayes, Bugginess classifier with balancing techniques with feature selection, 10, 68.4, 1743, 361, SMOTE-sampling, Best first, false, 363.0, 360.0, 6009.0, 720.0, 0.34, 0.5, 85.51, 0.86, 0.32
RandomForest, Bugginess classifier with balancing techniques with feature selection, 10, 68.4, 1743, 361, SMOTE-sampling, Best first, false, 582.0, 504.0, 5865.0, 501.0, 0.54, 0.54, 86.51, 0.85, 0.46
IBk, Bugginess classifier with balancing techniques with feature selection, 10, 68.4, 1743, 361, SMOTE-sampling, Best first, false, 489.0, 495.0, 5874.0, 594.0, 0.45, 0.5, 85.39, 0.7, 0.39
J48, Bugginess classifier with balancing techniques with feature selection, 10, 68.4, 1743, 361, SMOTE-sampling, Best first, false, 666.0, 699.0, 5670.0, 417.0, 0.61, 0.49, 85.02, 0.84, 0.46
NaiveBayes, Bugginess classifier with balancing techniques with feature selection, 10, 68.4, 1743, 361, UNDER-sampling, Best first, false, 807.0, 939.0, 5430.0, 276.0, 0.75, 0.46, 83.7, 0.85, 0.48
RandomForest, Bugginess classifier with balancing techniques with feature selection, 10, 68.4, 1743, 361, UNDER-sampling, Best first, false, 984.0, 1512.0, 4857.0, 99.0, 0.91, 0.39, 78.38, 0.87, 0.44
IBk, Bugginess classifier with balancing techniques with feature selection, 10, 68.4, 1743, 361, UNDER-sampling, Best first, false, 912.0, 1494.0, 4875.0, 171.0, 0.84, 0.38, 77.66, 0.84, 0.4
J48, Bugginess classifier with balancing techniques with feature selection, 10, 68.4, 1743, 361, UNDER-sampling, Best first, false, 984.0, 1527.0, 4842.0, 99.0, 0.91, 0.39, 78.18, 0.86, 0.43
NaiveBayes, Bugginess classifier with balancing techniques with feature selection, 10, 68.4, 1743, 361, OVER-sampling, Best first, false, 807.0, 939.0, 5430.0, 276.0, 0.75, 0.46, 83.7, 0.85, 0.48
RandomForest, Bugginess classifier with balancing techniques with feature selection, 10, 68.4, 1743, 361, OVER-sampling, Best first, false, 888.0, 1485.0, 4884.0, 195.0, 0.82, 0.37, 77.46, 0.81, 0.39
IBk, Bugginess classifier with balancing techniques with feature selection, 10, 68.4, 1743, 361, OVER-sampling, Best first, false, 801.0, 1473.0, 4896.0, 282.0, 0.74, 0.35, 76.45, 0.71, 0.35
J48, Bugginess classifier with balancing techniques with feature selection, 10, 68.4, 1743, 361, OVER-sampling, Best first, false, 858.0, 1488.0, 4881.0, 225.0, 0.79, 0.37, 77.01, 0.76, 0.38
NaiveBayes, Bugginess classifier with cost sensitive with feature selection, 10, 68.4, 1743, 361, false, Best first, true, 612.0, 686.0, 5683.0, 471.0, 0.57, 0.47, 84.47, 0.8, 0.42
RandomForest, Bugginess classifier with cost sensitive with feature selection, 10, 68.4, 1743, 361, false, Best first, true, 762.0, 1043.0, 5326.0, 321.0, 0.7, 0.42, 81.7, 0.83, 0.42
IBk, Bugginess classifier with cost sensitive with feature selection, 10, 68.4, 1743, 361, false, Best first, true, 613.0, 1022.0, 5347.0, 470.0, 0.57, 0.37, 79.98, 0.75, 0.33
J48, Bugginess classifier with cost sensitive with feature selection, 10, 68.4, 1743, 361, false, Best first, true, 716.0, 1026.0, 5343.0, 367.0, 0.66, 0.41, 81.31, 0.82, 0.4
NaiveBayes, Bugginess classifier, 11, 78.9, 2053, 413, false, false, false, 17.0, 0.0, 2089.0, 396.0, 0.04, 1.0, 84.17, 0.91, 0.07
RandomForest, Bugginess classifier, 11, 78.9, 2053, 413, false, false, false, 116.0, 19.0, 2070.0, 297.0, 0.28, 0.86, 87.37, 0.91, 0.37
IBk, Bugginess classifier, 11, 78.9, 2053, 413, false, false, false, 120.0, 179.0, 1910.0, 293.0, 0.29, 0.4, 81.14, 0.59, 0.23
J48, Bugginess classifier, 11, 78.9, 2053, 413, false, false, false, 109.0, 22.0, 2067.0, 304.0, 0.26, 0.83, 86.97, 0.73, 0.35
NaiveBayes, Bugginess classifier with feature selection, 11, 78.9, 2053, 413, false, Ranker, false, 34.0, 0.0, 4178.0, 792.0, 0.04, 1.0, 84.17, 0.91, 0.07
RandomForest, Bugginess classifier with feature selection, 11, 78.9, 2053, 413, false, Ranker, false, 244.0, 34.0, 4144.0, 582.0, 0.3, 0.88, 87.69, 0.9, 0.39
IBk, Bugginess classifier with feature selection, 11, 78.9, 2053, 413, false, Ranker, false, 240.0, 358.0, 3820.0, 586.0, 0.29, 0.4, 81.14, 0.59, 0.23
J48, Bugginess classifier with feature selection, 11, 78.9, 2053, 413, false, Ranker, false, 218.0, 44.0, 4134.0, 608.0, 0.26, 0.83, 86.97, 0.73, 0.35
NaiveBayes, Bugginess classifier with balancing techniques, 11, 78.9, 2053, 413, SMOTE-sampling, false, false, 38.0, 2.0, 4176.0, 788.0, 0.05, 0.95, 84.21, 0.91, 0.07
RandomForest, Bugginess classifier with balancing techniques, 11, 78.9, 2053, 413, SMOTE-sampling, false, false, 302.0, 70.0, 4108.0, 524.0, 0.37, 0.81, 88.13, 0.9, 0.45
IBk, Bugginess classifier with balancing techniques, 11, 78.9, 2053, 413, SMOTE-sampling, false, false, 276.0, 424.0, 3754.0, 550.0, 0.33, 0.39, 80.54, 0.61, 0.25
J48, Bugginess classifier with balancing techniques, 11, 78.9, 2053, 413, SMOTE-sampling, false, false, 334.0, 118.0, 4060.0, 492.0, 0.4, 0.74, 87.81, 0.83, 0.46
NaiveBayes, Bugginess classifier with balancing techniques with feature selection, 11, 78.9, 2053, 413, SMOTE-sampling, Best first, false, 396.0, 327.0, 5940.0, 843.0, 0.32, 0.55, 84.41, 0.85, 0.32
RandomForest, Bugginess classifier with balancing techniques with feature selection, 11, 78.9, 2053, 413, SMOTE-sampling, Best first, false, 561.0, 396.0, 5871.0, 678.0, 0.45, 0.59, 85.69, 0.84, 0.43
IBk, Bugginess classifier with balancing techniques with feature selection, 11, 78.9, 2053, 413, SMOTE-sampling, Best first, false, 537.0, 402.0, 5865.0, 702.0, 0.43, 0.57, 85.29, 0.83, 0.41
J48, Bugginess classifier with balancing techniques with feature selection, 11, 78.9, 2053, 413, SMOTE-sampling, Best first, false, 579.0, 408.0, 5859.0, 660.0, 0.47, 0.59, 85.77, 0.87, 0.44
NaiveBayes, Bugginess classifier with balancing techniques with feature selection, 11, 78.9, 2053, 413, UNDER-sampling, Best first, false, 867.0, 882.0, 5385.0, 372.0, 0.7, 0.5, 83.29, 0.84, 0.48
RandomForest, Bugginess classifier with balancing techniques with feature selection, 11, 78.9, 2053, 413, UNDER-sampling, Best first, false, 1014.0, 1032.0, 5235.0, 225.0, 0.82, 0.5, 83.25, 0.87, 0.52
IBk, Bugginess classifier with balancing techniques with feature selection, 11, 78.9, 2053, 413, UNDER-sampling, Best first, false, 1008.0, 1032.0, 5235.0, 231.0, 0.81, 0.49, 83.17, 0.85, 0.52
J48, Bugginess classifier with balancing techniques with feature selection, 11, 78.9, 2053, 413, UNDER-sampling, Best first, false, 1035.0, 1050.0, 5217.0, 204.0, 0.84, 0.5, 83.29, 0.85, 0.52
NaiveBayes, Bugginess classifier with balancing techniques with feature selection, 11, 78.9, 2053, 413, OVER-sampling, Best first, false, 867.0, 882.0, 5385.0, 372.0, 0.7, 0.5, 83.29, 0.84, 0.48
RandomForest, Bugginess classifier with balancing techniques with feature selection, 11, 78.9, 2053, 413, OVER-sampling, Best first, false, 990.0, 1005.0, 5262.0, 249.0, 0.8, 0.5, 83.29, 0.84, 0.51
IBk, Bugginess classifier with balancing techniques with feature selection, 11, 78.9, 2053, 413, OVER-sampling, Best first, false, 990.0, 1005.0, 5262.0, 249.0, 0.8, 0.5, 83.29, 0.83, 0.51
J48, Bugginess classifier with balancing techniques with feature selection, 11, 78.9, 2053, 413, OVER-sampling, Best first, false, 975.0, 1008.0, 5259.0, 264.0, 0.79, 0.49, 83.05, 0.83, 0.5
NaiveBayes, Bugginess classifier with cost sensitive with feature selection, 11, 78.9, 2053, 413, false, Best first, true, 658.0, 642.0, 5625.0, 581.0, 0.53, 0.51, 83.71, 0.79, 0.42
RandomForest, Bugginess classifier with cost sensitive with feature selection, 11, 78.9, 2053, 413, false, Best first, true, 791.0, 925.0, 5342.0, 448.0, 0.64, 0.46, 81.71, 0.82, 0.43
IBk, Bugginess classifier with cost sensitive with feature selection, 11, 78.9, 2053, 413, false, Best first, true, 783.0, 927.0, 5340.0, 456.0, 0.63, 0.46, 81.57, 0.82, 0.42
J48, Bugginess classifier with cost sensitive with feature selection, 11, 78.9, 2053, 413, false, Best first, true, 817.0, 959.0, 5308.0, 422.0, 0.66, 0.46, 81.6, 0.84, 0.43
NaiveBayes, Bugginess classifier, 12, 89.4, 2430, 418, false, false, false, 11.0, 0.0, 2090.0, 407.0, 0.03, 1.0, 83.77, 0.9, 0.04
RandomForest, Bugginess classifier, 12, 89.4, 2430, 418, false, false, false, 259.0, 13.0, 2077.0, 159.0, 0.62, 0.95, 93.14, 0.98, 0.71
IBk, Bugginess classifier, 12, 89.4, 2430, 418, false, false, false, 208.0, 119.0, 1971.0, 210.0, 0.5, 0.64, 86.88, 0.78, 0.48
J48, Bugginess classifier, 12, 89.4, 2430, 418, false, false, false, 179.0, 15.0, 2075.0, 239.0, 0.43, 0.92, 89.87, 0.87, 0.54
NaiveBayes, Bugginess classifier with feature selection, 12, 89.4, 2430, 418, false, Ranker, false, 22.0, 0.0, 4180.0, 814.0, 0.03, 1.0, 83.77, 0.9, 0.04
RandomForest, Bugginess classifier with feature selection, 12, 89.4, 2430, 418, false, Ranker, false, 498.0, 24.0, 4156.0, 338.0, 0.6, 0.95, 92.78, 0.98, 0.69
IBk, Bugginess classifier with feature selection, 12, 89.4, 2430, 418, false, Ranker, false, 416.0, 238.0, 3942.0, 420.0, 0.5, 0.64, 86.88, 0.78, 0.48
J48, Bugginess classifier with feature selection, 12, 89.4, 2430, 418, false, Ranker, false, 358.0, 30.0, 4150.0, 478.0, 0.43, 0.92, 89.87, 0.86, 0.54
NaiveBayes, Bugginess classifier with balancing techniques, 12, 89.4, 2430, 418, SMOTE-sampling, false, false, 26.0, 2.0, 4178.0, 810.0, 0.03, 0.93, 83.81, 0.9, 0.05
RandomForest, Bugginess classifier with balancing techniques, 12, 89.4, 2430, 418, SMOTE-sampling, false, false, 588.0, 36.0, 4144.0, 248.0, 0.7, 0.94, 94.34, 0.98, 0.77
IBk, Bugginess classifier with balancing techniques, 12, 89.4, 2430, 418, SMOTE-sampling, false, false, 458.0, 298.0, 3882.0, 378.0, 0.55, 0.61, 86.52, 0.8, 0.5
J48, Bugginess classifier with balancing techniques, 12, 89.4, 2430, 418, SMOTE-sampling, false, false, 420.0, 42.0, 4138.0, 416.0, 0.5, 0.91, 90.87, 0.89, 0.6
NaiveBayes, Bugginess classifier with balancing techniques with feature selection, 12, 89.4, 2430, 418, SMOTE-sampling, Best first, false, 402.0, 324.0, 5946.0, 852.0, 0.32, 0.55, 84.37, 0.85, 0.32
RandomForest, Bugginess classifier with balancing techniques with feature selection, 12, 89.4, 2430, 418, SMOTE-sampling, Best first, false, 594.0, 402.0, 5868.0, 660.0, 0.47, 0.6, 85.89, 0.86, 0.45
IBk, Bugginess classifier with balancing techniques with feature selection, 12, 89.4, 2430, 418, SMOTE-sampling, Best first, false, 594.0, 408.0, 5862.0, 660.0, 0.47, 0.59, 85.81, 0.85, 0.44
J48, Bugginess classifier with balancing techniques with feature selection, 12, 89.4, 2430, 418, SMOTE-sampling, Best first, false, 654.0, 462.0, 5808.0, 600.0, 0.52, 0.59, 85.89, 0.87, 0.47
NaiveBayes, Bugginess classifier with balancing techniques with feature selection, 12, 89.4, 2430, 418, UNDER-sampling, Best first, false, 873.0, 879.0, 5391.0, 381.0, 0.7, 0.5, 83.25, 0.85, 0.48
RandomForest, Bugginess classifier with balancing techniques with feature selection, 12, 89.4, 2430, 418, UNDER-sampling, Best first, false, 1023.0, 1047.0, 5223.0, 231.0, 0.82, 0.49, 83.01, 0.87, 0.51
IBk, Bugginess classifier with balancing techniques with feature selection, 12, 89.4, 2430, 418, UNDER-sampling, Best first, false, 1032.0, 1047.0, 5223.0, 222.0, 0.82, 0.5, 83.13, 0.87, 0.52
J48, Bugginess classifier with balancing techniques with feature selection, 12, 89.4, 2430, 418, UNDER-sampling, Best first, false, 1035.0, 1047.0, 5223.0, 219.0, 0.83, 0.5, 83.17, 0.85, 0.52
NaiveBayes, Bugginess classifier with balancing techniques with feature selection, 12, 89.4, 2430, 418, OVER-sampling, Best first, false, 873.0, 879.0, 5391.0, 381.0, 0.7, 0.5, 83.25, 0.85, 0.48
RandomForest, Bugginess classifier with balancing techniques with feature selection, 12, 89.4, 2430, 418, OVER-sampling, Best first, false, 1017.0, 1041.0, 5229.0, 237.0, 0.81, 0.49, 83.01, 0.85, 0.51
IBk, Bugginess classifier with balancing techniques with feature selection, 12, 89.4, 2430, 418, OVER-sampling, Best first, false, 1014.0, 1047.0, 5223.0, 240.0, 0.81, 0.49, 82.89, 0.85, 0.51
J48, Bugginess classifier with balancing techniques with feature selection, 12, 89.4, 2430, 418, OVER-sampling, Best first, false, 1029.0, 1047.0, 5223.0, 225.0, 0.82, 0.5, 83.09, 0.87, 0.52
NaiveBayes, Bugginess classifier with cost sensitive with feature selection, 12, 89.4, 2430, 418, false, Best first, true, 716.0, 694.0, 5576.0, 538.0, 0.57, 0.51, 83.63, 0.79, 0.44
RandomForest, Bugginess classifier with cost sensitive with feature selection, 12, 89.4, 2430, 418, false, Best first, true, 818.0, 959.0, 5311.0, 436.0, 0.65, 0.46, 81.46, 0.83, 0.43
IBk, Bugginess classifier with cost sensitive with feature selection, 12, 89.4, 2430, 418, false, Best first, true, 815.0, 961.0, 5309.0, 439.0, 0.65, 0.46, 81.39, 0.83, 0.43
J48, Bugginess classifier with cost sensitive with feature selection, 12, 89.4, 2430, 418, false, Best first, true, 811.0, 955.0, 5315.0, 443.0, 0.65, 0.46, 81.42, 0.83, 0.43
